{
  "outlet1": {
    "V": 221.652755383765,
    "A": 8.006930943675872,
    "Hz": 50.04478872236206,
    "W": 4882.138224193425,
    "VA": 3985.5477508902713,
    "PF": 0.2362834259501927,
    "Wh": 34390.77884892033,
    "h": 36389.08989142453,
    "status": false
  },
  "outlet2": {
    "V": 230.71809071755118,
    "A": 2.9833899018019174,
    "Hz": 49.940765561409584,
    "W": 3308.8527316817294,
    "VA": 2807.454511006032,
    "PF": 0.8123944891505335,
    "Wh": 34647.34519658208,
    "h": 3846.433320383913,
    "status": false
  },
  "outlet3": {
    "V": 236.41960813579578,
    "A": 12.140358205179197,
    "Hz": 49.98788240853771,
    "W": 1806.9123820208722,
    "VA": 2091.1313778034914,
    "PF": 0.6640176318732907,
    "Wh": 28604.962318112215,
    "h": 42222.86873612749,
    "status": true
  },
  "outlet4": {
    "V": 235.16804829448776,
    "A": 3.6447056701743428,
    "Hz": 49.974453464823654,
    "W": 2159.5188337615355,
    "VA": 1615.5047314766302,
    "PF": 0.5383497131821853,
    "Wh": 45829.476084511625,
    "h": 20597.94687691031,
    "status": true
  },
  "outlet5": {
    "V": 226.90189027998764,
    "A": 12.712238757155696,
    "Hz": 50.05927039020488,
    "W": 1258.6505729409992,
    "VA": 3144.3191583244225,
    "PF": 0.8705526880523902,
    "Wh": 13217.045309496256,
    "h": 3010.3479074247484,
    "status": true
  },
  "outlet6": {
    "V": 231.27554202525994,
    "A": 9.56037054615264,
    "Hz": 49.98125227397697,
    "W": 2120.458847846525,
    "VA": 1974.0249996543257,
    "PF": 0.2336430783920722,
    "Wh": 5482.925540424078,
    "h": 308.90792462915374,
    "status": false
  }
}