{
  "outlet1": {
    "V": 231.28880272856446,
    "A": 13.066838964657379,
    "Hz": 49.93353801774919,
    "W": 3705.597087446366,
    "VA": 1975.9165926125,
    "PF": 0.7776149658039984,
    "Wh": 40930.33344643973,
    "h": 30541.506662725027,
    "status": false
  },
  "outlet2": {
    "V": 238.07936758895073,
    "A": 7.4742918340660545,
    "Hz": 50.0426873741598,
    "W": 685.5433484867746,
    "VA": 3163.718702866909,
    "PF": 0.12613339846022376,
    "Wh": 49565.16913293534,
    "h": 15887.41868870981,
    "status": false
  },
  "outlet3": {
    "V": 229.11210314498317,
    "A": 14.901198730796342,
    "Hz": 49.910138716381255,
    "W": 3221.801683300345,
    "VA": 726.745457461695,
    "PF": 0.8176275866883305,
    "Wh": 30353.048049227516,
    "h": 25185.404969257095,
    "status": false
  },
  "outlet4": {
    "V": 229.20155672735825,
    "A": 9.79080487962705,
    "Hz": 49.993008938285435,
    "W": 3261.3130223837816,
    "VA": 2361.6323832316557,
    "PF": 0.9847605386929004,
    "Wh": 7236.246066152341,
    "h": 38997.16210433074,
    "status": false
  },
  "outlet5": {
    "V": 228.4002729030729,
    "A": 8.777312466011502,
    "Hz": 49.9391840180202,
    "W": 3422.045152376525,
    "VA": 870.4636653751508,
    "PF": 0.2847965710317697,
    "Wh": 4680.254765801883,
    "h": 41943.124160884756,
    "status": false
  },
  "outlet6": {
    "V": 229.89599119531266,
    "A": 0.0925338000089333,
    "Hz": 49.94316564282074,
    "W": 3966.3380318239215,
    "VA": 333.6810629747566,
    "PF": 0.45918484755978617,
    "Wh": 38627.75343865421,
    "h": 42541.47656071398,
    "status": false
  }
}